﻿<?xml version="1.0" encoding="utf-8"?>
<!--
// ============================================================
// == INTERNATIONAL GAMING CENTER NETWORK
// == www.igcn.mu
// == (C) 2010-2016 IGC-Network (R)
// ~~~~~~~~~~~~~~~~~~~~~~~~~~~~~~~~~~~~~~~~~~~~~~~~~~~~~~~~~~
// == File is a part of IGCN Group MuOnline Server files.
// ============================================================
//
// ### GateSettings::Gate ###
//	Index: Unique Index of Gate
//	Flag: Used to determine Warp type
//		~ 0: Used to one time warp to specified location, usually 'M' Warp Menu
//		~ 1: Used to configure moving to defined location with intention of a way back (e.g. moves between Lorencia and Devias)
//		~ 2: Used to configure a return move for Gate of Flag 1
//	MapNumber: For Gate of Flag 0 MapNumber is destination Map after warping, for Flags 1 and 2 it is initial Map the Warp is occurring from
//	StartX: Start X Coordinate of spawn area after warping
//	StartY: Start Y Coordinate of spawn area after warping
//	EndX: End X Coordinate of spawn area after warping
//	EndY: End Y Coordinate of spawn area after warping
//	Target: For Gate of Flag type 0 target is always 0, for Flags 1 and 2 it is destination Map after warping
//	Direction: Direction character look at after warping:
//		~ 1: South-West
//		~ 2: South
//		~ 3: South-East
//		~ 4: East
//		~ 5: North-East
//		~ 6: North
//		~ 7: North-West
//		~ 8: West
//		~ -1: Central
//	MinLevel: Minimum Level required to use the Gate - Regular Level only
//	Name: Name of the Gate, used for in-file description only
//
// STRICTLY NO COMMENTS INSIDE TAGS
-->
<GateSettings>
	<Gate Index="1" Flag="1" MapNumber="0" StartX="121" StartY="232" EndX="123" EndY="233" Target="2" Direction="0" MinLevel="20" Name="" />
	<Gate Index="2" Flag="2" MapNumber="1" StartX="107" StartY="247" EndX="110" EndY="247" Target="0" Direction="1" MinLevel="20" Name="" />
	<Gate Index="3" Flag="1" MapNumber="1" StartX="108" StartY="248" EndX="109" EndY="248" Target="4" Direction="0" MinLevel="0" Name="" />
	<Gate Index="4" Flag="2" MapNumber="0" StartX="121" StartY="231" EndX="123" EndY="231" Target="0" Direction="1" MinLevel="0" Name="" />
	<Gate Index="5" Flag="1" MapNumber="1" StartX="239" StartY="149" EndX="239" EndY="150" Target="6" Direction="0" MinLevel="20" Name="" />
	<Gate Index="6" Flag="2" MapNumber="1" StartX="231" StartY="126" EndX="234" EndY="127" Target="0" Direction="1" MinLevel="20" Name="" />
	<Gate Index="7" Flag="1" MapNumber="1" StartX="232" StartY="127" EndX="233" EndY="128" Target="8" Direction="0" MinLevel="20" Name="" />
	<Gate Index="8" Flag="2" MapNumber="1" StartX="240" StartY="148" EndX="241" EndY="151" Target="0" Direction="3" MinLevel="20" Name="" />
	<Gate Index="9" Flag="1" MapNumber="1" StartX="2" StartY="17" EndX="2" EndY="18" Target="10" Direction="0" MinLevel="20" Name="" />
	<Gate Index="10" Flag="2" MapNumber="1" StartX="3" StartY="83" EndX="4" EndY="86" Target="0" Direction="3" MinLevel="20" Name="" />
	<Gate Index="11" Flag="1" MapNumber="1" StartX="2" StartY="84" EndX="2" EndY="85" Target="12" Direction="0" MinLevel="20" Name="" />
	<Gate Index="12" Flag="2" MapNumber="1" StartX="3" StartY="16" EndX="6" EndY="17" Target="0" Direction="3" MinLevel="20" Name="" />
	<Gate Index="13" Flag="1" MapNumber="1" StartX="5" StartY="34" EndX="6" EndY="34" Target="14" Direction="0" MinLevel="20" Name="" />
	<Gate Index="14" Flag="2" MapNumber="1" StartX="29" StartY="125" EndX="30" EndY="126" Target="0" Direction="1" MinLevel="20" Name="" />
	<Gate Index="15" Flag="1" MapNumber="1" StartX="29" StartY="127" EndX="30" EndY="127" Target="16" Direction="0" MinLevel="20" Name="" />
	<Gate Index="16" Flag="2" MapNumber="1" StartX="5" StartY="32" EndX="7" EndY="33" Target="0" Direction="1" MinLevel="20" Name="" />
	<Gate Index="17" Flag="0" MapNumber="0" StartX="133" StartY="118" EndX="151" EndY="135" Target="0" Direction="0" MinLevel="0" Name="" />
	<Gate Index="18" Flag="1" MapNumber="0" StartX="5" StartY="38" EndX="6" EndY="41" Target="19" Direction="0" MinLevel="15" Name="" />
	<Gate Index="19" Flag="2" MapNumber="2" StartX="242" StartY="34" EndX="243" EndY="37" Target="0" Direction="7" MinLevel="15" Name="" />
	<Gate Index="20" Flag="1" MapNumber="2" StartX="244" StartY="34" EndX="245" EndY="37" Target="21" Direction="0" MinLevel="0" Name="" />
	<Gate Index="21" Flag="2" MapNumber="0" StartX="7" StartY="38" EndX="8" EndY="41" Target="0" Direction="3" MinLevel="0" Name="" />
	<Gate Index="22" Flag="0" MapNumber="2" StartX="197" StartY="35" EndX="218" EndY="50" Target="0" Direction="0" MinLevel="15" Name="" />
	<Gate Index="23" Flag="1" MapNumber="0" StartX="213" StartY="246" EndX="217" EndY="247" Target="24" Direction="0" MinLevel="10" Name="" />
	<Gate Index="24" Flag="2" MapNumber="3" StartX="148" StartY="5" EndX="155" EndY="6" Target="0" Direction="5" MinLevel="10" Name="" />
	<Gate Index="25" Flag="1" MapNumber="3" StartX="148" StartY="3" EndX="155" EndY="4" Target="26" Direction="0" MinLevel="10" Name="" />
	<Gate Index="26" Flag="2" MapNumber="0" StartX="213" StartY="244" EndX="217" EndY="245" Target="0" Direction="1" MinLevel="10" Name="" />
	<Gate Index="27" Flag="0" MapNumber="3" StartX="171" StartY="108" EndX="177" EndY="117" Target="0" Direction="0" MinLevel="0" Name="" />
	<Gate Index="28" Flag="1" MapNumber="2" StartX="2" StartY="248" EndX="3" EndY="249" Target="29" Direction="0" MinLevel="40" Name="" />
	<Gate Index="29" Flag="2" MapNumber="4" StartX="162" StartY="2" EndX="166" EndY="3" Target="0" Direction="5" MinLevel="40" Name="" />
	<Gate Index="30" Flag="1" MapNumber="4" StartX="190" StartY="6" EndX="191" EndY="8" Target="31" Direction="0" MinLevel="40" Name="" />
	<Gate Index="31" Flag="2" MapNumber="4" StartX="241" StartY="237" EndX="244" EndY="238" Target="0" Direction="1" MinLevel="40" Name="" />
	<Gate Index="32" Flag="1" MapNumber="4" StartX="166" StartY="163" EndX="167" EndY="166" Target="33" Direction="0" MinLevel="40" Name="" />
	<Gate Index="33" Flag="2" MapNumber="4" StartX="86" StartY="166" EndX="87" EndY="168" Target="0" Direction="3" MinLevel="40" Name="" />
	<Gate Index="34" Flag="1" MapNumber="4" StartX="132" StartY="245" EndX="135" EndY="246" Target="35" Direction="0" MinLevel="50" Name="" />
	<Gate Index="35" Flag="2" MapNumber="4" StartX="87" StartY="86" EndX="88" EndY="89" Target="0" Direction="3" MinLevel="50" Name="" />
	<Gate Index="36" Flag="1" MapNumber="4" StartX="132" StartY="135" EndX="135" EndY="136" Target="37" Direction="0" MinLevel="50" Name="" />
	<Gate Index="37" Flag="2" MapNumber="4" StartX="128" StartY="53" EndX="131" EndY="54" Target="0" Direction="1" MinLevel="50" Name="" />
	<Gate Index="38" Flag="1" MapNumber="4" StartX="131" StartY="15" EndX="132" EndY="18" Target="39" Direction="0" MinLevel="50" Name="" />
	<Gate Index="39" Flag="2" MapNumber="4" StartX="52" StartY="53" EndX="55" EndY="54" Target="0" Direction="1" MinLevel="50" Name="" />
	<Gate Index="40" Flag="1" MapNumber="4" StartX="6" StartY="5" EndX="7" EndY="8" Target="41" Direction="0" MinLevel="50" Name="" />
	<Gate Index="41" Flag="2" MapNumber="4" StartX="8" StartY="85" EndX="9" EndY="87" Target="0" Direction="1" MinLevel="50" Name="" />
	<Gate Index="42" Flag="0" MapNumber="4" StartX="203" StartY="70" EndX="213" EndY="81" Target="0" Direction="0" MinLevel="40" Name="" />
	<Gate Index="43" Flag="1" MapNumber="4" StartX="162" StartY="0" EndX="166" EndY="1" Target="44" Direction="0" MinLevel="15" Name="" />
	<Gate Index="44" Flag="2" MapNumber="2" StartX="2" StartY="246" EndX="3" EndY="247" Target="0" Direction="2" MinLevel="15" Name="" />
	<Gate Index="45" Flag="1" MapNumber="3" StartX="242" StartY="240" EndX="245" EndY="243" Target="46" Direction="0" MinLevel="60" Name="" />
	<Gate Index="46" Flag="2" MapNumber="7" StartX="14" StartY="12" EndX="15" EndY="13" Target="0" Direction="3" MinLevel="60" Name="" />
	<Gate Index="47" Flag="1" MapNumber="7" StartX="9" StartY="9" EndX="11" EndY="12" Target="48" Direction="0" MinLevel="60" Name="" />
	<Gate Index="48" Flag="2" MapNumber="3" StartX="240" StartY="240" EndX="241" EndY="243" Target="0" Direction="7" MinLevel="60" Name="" />
	<Gate Index="49" Flag="0" MapNumber="7" StartX="15" StartY="11" EndX="27" EndY="23" Target="0" Direction="0" MinLevel="60" Name="" />
	<Gate Index="50" Flag="0" MapNumber="6" StartX="72" StartY="140" EndX="73" EndY="181" Target="0" Direction="0" MinLevel="0" Name="" />
	<Gate Index="51" Flag="0" MapNumber="6" StartX="59" StartY="153" EndX="59" EndY="153" Target="0" Direction="0" MinLevel="0" Name="" />
	<Gate Index="52" Flag="0" MapNumber="6" StartX="59" StartY="164" EndX="59" EndY="165" Target="0" Direction="0" MinLevel="0" Name="" />
	<Gate Index="53" Flag="1" MapNumber="7" StartX="14" StartY="225" EndX="15" EndY="230" Target="54" Direction="0" MinLevel="130" Name="" />
	<Gate Index="54" Flag="2" MapNumber="8" StartX="248" StartY="40" EndX="251" EndY="44" Target="0" Direction="7" MinLevel="0" Name="" />
	<Gate Index="55" Flag="1" MapNumber="8" StartX="246" StartY="40" EndX="247" EndY="44" Target="56" Direction="0" MinLevel="130" Name="" />
	<Gate Index="56" Flag="2" MapNumber="7" StartX="16" StartY="225" EndX="17" EndY="230" Target="0" Direction="3" MinLevel="0" Name="" />
	<Gate Index="57" Flag="0" MapNumber="8" StartX="187" StartY="54" EndX="203" EndY="69" Target="0" Direction="0" MinLevel="60" Name="" />
	<Gate Index="58" Flag="0" MapNumber="9" StartX="133" StartY="91" EndX="141" EndY="99" Target="0" Direction="0" MinLevel="10" Name="" />
	<Gate Index="59" Flag="0" MapNumber="9" StartX="135" StartY="162" EndX="142" EndY="170" Target="0" Direction="0" MinLevel="10" Name="" />
	<Gate Index="60" Flag="0" MapNumber="9" StartX="62" StartY="150" EndX="70" EndY="158" Target="0" Direction="0" MinLevel="10" Name="" />
	<Gate Index="61" Flag="0" MapNumber="9" StartX="66" StartY="84" EndX="74" EndY="92" Target="0" Direction="0" MinLevel="10" Name="" />
	<Gate Index="62" Flag="1" MapNumber="4" StartX="17" StartY="250" EndX="19" EndY="250" Target="63" Direction="0" MinLevel="160" Name="" />
	<Gate Index="63" Flag="2" MapNumber="10" StartX="14" StartY="13" EndX="16" EndY="13" Target="0" Direction="5" MinLevel="160" Name="" />
	<Gate Index="64" Flag="1" MapNumber="10" StartX="14" StartY="12" EndX="16" EndY="12" Target="65" Direction="0" MinLevel="50" Name="" />
	<Gate Index="65" Flag="2" MapNumber="4" StartX="17" StartY="249" EndX="19" EndY="249" Target="0" Direction="1" MinLevel="50" Name="" />
	<Gate Index="66" Flag="0" MapNumber="11" StartX="12" StartY="5" EndX="14" EndY="10" Target="0" Direction="0" MinLevel="0" Name="" />
	<Gate Index="67" Flag="0" MapNumber="12" StartX="12" StartY="5" EndX="14" EndY="10" Target="0" Direction="0" MinLevel="0" Name="" />
	<Gate Index="68" Flag="0" MapNumber="13" StartX="12" StartY="5" EndX="14" EndY="10" Target="0" Direction="0" MinLevel="0" Name="" />
	<Gate Index="69" Flag="0" MapNumber="14" StartX="12" StartY="5" EndX="14" EndY="10" Target="0" Direction="0" MinLevel="0" Name="" />
	<Gate Index="70" Flag="0" MapNumber="15" StartX="12" StartY="5" EndX="14" EndY="10" Target="0" Direction="0" MinLevel="0" Name="" />
	<Gate Index="71" Flag="0" MapNumber="16" StartX="12" StartY="5" EndX="14" EndY="10" Target="0" Direction="0" MinLevel="0" Name="" />
	<Gate Index="72" Flag="0" MapNumber="2" StartX="23" StartY="27" EndX="27" EndY="24" Target="0" Direction="0" MinLevel="15" Name="" />
	<Gate Index="73" Flag="0" MapNumber="2" StartX="224" StartY="231" EndX="227" EndY="227" Target="0" Direction="0" MinLevel="15" Name="" />
	<Gate Index="74" Flag="0" MapNumber="2" StartX="69" StartY="181" EndX="72" EndY="178" Target="0" Direction="0" MinLevel="15" Name="" />
	<Gate Index="75" Flag="0" MapNumber="7" StartX="225" StartY="53" EndX="228" EndY="50" Target="0" Direction="0" MinLevel="60" Name="" />
	<Gate Index="76" Flag="0" MapNumber="7" StartX="62" StartY="163" EndX="68" EndY="157" Target="0" Direction="0" MinLevel="60" Name="" />
	<Gate Index="77" Flag="0" MapNumber="8" StartX="96" StartY="143" EndX="100" EndY="146" Target="0" Direction="0" MinLevel="130" Name="" />
	<Gate Index="80" Flag="0" MapNumber="17" StartX="12" StartY="5" EndX="14" EndY="10" Target="0" Direction="0" MinLevel="0" Name="" />
	<Gate Index="82" Flag="0" MapNumber="18" StartX="31" StartY="88" EndX="36" EndY="95" Target="0" Direction="0" MinLevel="0" Name="" />
	<Gate Index="83" Flag="0" MapNumber="19" StartX="31" StartY="88" EndX="36" EndY="95" Target="0" Direction="0" MinLevel="0" Name="" />
	<Gate Index="84" Flag="0" MapNumber="20" StartX="31" StartY="88" EndX="36" EndY="95" Target="0" Direction="0" MinLevel="0" Name="" />
	<Gate Index="85" Flag="0" MapNumber="21" StartX="31" StartY="88" EndX="36" EndY="95" Target="0" Direction="0" MinLevel="0" Name="" />
	<Gate Index="86" Flag="0" MapNumber="22" StartX="31" StartY="88" EndX="36" EndY="95" Target="0" Direction="0" MinLevel="0" Name="" />
	<Gate Index="87" Flag="0" MapNumber="23" StartX="31" StartY="88" EndX="36" EndY="95" Target="0" Direction="0" MinLevel="0" Name="" />
	<Gate Index="88" Flag="0" MapNumber="24" StartX="10" StartY="16" EndX="17" EndY="22" Target="0" Direction="0" MinLevel="0" Name="" />
	<Gate Index="89" Flag="0" MapNumber="25" StartX="10" StartY="16" EndX="17" EndY="22" Target="0" Direction="0" MinLevel="0" Name="" />
	<Gate Index="90" Flag="0" MapNumber="26" StartX="10" StartY="16" EndX="17" EndY="22" Target="0" Direction="0" MinLevel="0" Name="" />
	<Gate Index="91" Flag="0" MapNumber="27" StartX="10" StartY="16" EndX="17" EndY="22" Target="0" Direction="0" MinLevel="0" Name="" />
	<Gate Index="92" Flag="0" MapNumber="28" StartX="10" StartY="16" EndX="17" EndY="22" Target="0" Direction="0" MinLevel="0" Name="" />
	<Gate Index="93" Flag="0" MapNumber="29" StartX="10" StartY="16" EndX="17" EndY="22" Target="0" Direction="0" MinLevel="0" Name="" />
<!--	<Gate Index="94" Flag="0" MapNumber="30" StartX="88" StartY="31" EndX="102" EndY="46" Target="0" Direction="0" MinLevel="0" Name="" />
	<Gate Index="95" Flag="0" MapNumber="31" StartX="60" StartY="10" EndX="69" EndY="19" Target="0" Direction="0" MinLevel="0" Name="" /> -->
	<Gate Index="96" Flag="1" MapNumber="30" StartX="93" StartY="242" EndX="95" EndY="243" Target="97" Direction="0" MinLevel="0" Name="" />
	<Gate Index="97" Flag="2" MapNumber="30" StartX="164" StartY="198" EndX="187" EndY="209" Target="0" Direction="0" MinLevel="0" Name="" />
	<Gate Index="98" Flag="1" MapNumber="30" StartX="160" StartY="203" EndX="161" EndY="205" Target="99" Direction="0" MinLevel="0" Name="" />
	<Gate Index="99" Flag="2" MapNumber="30" StartX="90" StartY="236" EndX="99" EndY="239" Target="0" Direction="0" MinLevel="0" Name="" />
<!--	<Gate Index="100" Flag="0" MapNumber="30" StartX="39" StartY="14" EndX="142" EndY="50" Target="0" Direction="0" MinLevel="0" Name="" />
	<Gate Index="101" Flag="0" MapNumber="30" StartX="84" StartY="180" EndX="100" EndY="222" Target="0" Direction="0" MinLevel="0" Name="" /> -->
	<Gate Index="102" Flag="1" MapNumber="0" StartX="239" StartY="14" EndX="240" EndY="15" Target="103" Direction="0" MinLevel="10" Name="" />
	<Gate Index="103" Flag="2" MapNumber="30" StartX="29" StartY="42" EndX="30" EndY="37" Target="0" Direction="0" MinLevel="10" Name="" />
<!--	<Gate Index="104" Flag="0" MapNumber="30" StartX="87" StartY="209" EndX="100" EndY="232" Target="0" Direction="0" MinLevel="0" Name="" />
	<Gate Index="105" Flag="0" MapNumber="30" StartX="72" StartY="10" EndX="104" EndY="199" Target="0" Direction="0" MinLevel="0" Name="" />
	<Gate Index="106" Flag="0" MapNumber="30" StartX="131" StartY="94" EndX="138" EndY="92" Target="0" Direction="0" MinLevel="0" Name="" /> -->
	<Gate Index="107" Flag="1" MapNumber="30" StartX="28" StartY="40" EndX="28" EndY="41" Target="108" Direction="0" MinLevel="0" Name="" />
	<Gate Index="108" Flag="2" MapNumber="0" StartX="235" StartY="13" EndX="239" EndY="13" Target="0" Direction="0" MinLevel="0" Name="" />
	<Gate Index="109" Flag="1" MapNumber="31" StartX="59" StartY="7" EndX="63" EndY="8" Target="110" Direction="0" MinLevel="0" Name="" />
	<Gate Index="110" Flag="2" MapNumber="30" StartX="131" StartY="94" EndX="138" EndY="92" Target="0" Direction="0" MinLevel="0" Name="" />
	<Gate Index="111" Flag="0" MapNumber="32" StartX="133" StartY="91" EndX="141" EndY="99" Target="0" Direction="0" MinLevel="10" Name="" />
	<Gate Index="112" Flag="0" MapNumber="32" StartX="135" StartY="162" EndX="142" EndY="170" Target="0" Direction="0" MinLevel="10" Name="" />
	<Gate Index="113" Flag="2" MapNumber="33" StartX="76" StartY="9" EndX="78" EndY="16" Target="0" Direction="0" MinLevel="10" Name="" />
	<Gate Index="114" Flag="2" MapNumber="34" StartX="231" StartY="37" EndX="234" EndY="45" Target="0" Direction="0" MinLevel="10" Name="" />
	<Gate Index="116" Flag="0" MapNumber="36" StartX="10" StartY="16" EndX="17" EndY="22" Target="0" Direction="0" MinLevel="0" Name="" />
	<Gate Index="117" Flag="1" MapNumber="30" StartX="161" StartY="37" EndX="165" EndY="45" Target="114" Direction="0" MinLevel="10" Name="" />
	<Gate Index="118" Flag="0" MapNumber="34" StartX="229" StartY="37" EndX="239" EndY="46" Target="0" Direction="0" MinLevel="10" Name="" />
	<Gate Index="119" Flag="0" MapNumber="33" StartX="82" StartY="8" EndX="87" EndY="14" Target="0" Direction="0" MinLevel="130" Name="" />
	<Gate Index="120" Flag="1" MapNumber="3" StartX="220" StartY="30" EndX="226" EndY="30" Target="113" Direction="0" MinLevel="130" Name="" />
	<Gate Index="121" Flag="1" MapNumber="33" StartX="74" StartY="9" EndX="74" EndY="13" Target="122" Direction="0" MinLevel="10" Name="" />
	<Gate Index="122" Flag="2" MapNumber="3" StartX="220" StartY="31" EndX="226" EndY="34" Target="0" Direction="0" MinLevel="10" Name="" />
	<Gate Index="123" Flag="1" MapNumber="34" StartX="239" StartY="40" EndX="240" EndY="44" Target="124" Direction="0" MinLevel="10" Name="" />
	<Gate Index="124" Flag="2" MapNumber="30" StartX="155" StartY="37" EndX="158" EndY="43" Target="0" Direction="0" MinLevel="10" Name="" />
	<Gate Index="125" Flag="1" MapNumber="8" StartX="6" StartY="199" EndX="6" EndY="201" Target="126" Direction="0" MinLevel="150" Name="" />
	<Gate Index="126" Flag="2" MapNumber="37" StartX="17" StartY="219" EndX="21" EndY="220" Target="0" Direction="0" MinLevel="150" Name="" />
	<Gate Index="127" Flag="1" MapNumber="37" StartX="17" StartY="220" EndX="19" EndY="222" Target="128" Direction="0" MinLevel="130" Name="" />
	<Gate Index="128" Flag="2" MapNumber="8" StartX="7" StartY="199" EndX="7" EndY="201" Target="0" Direction="0" MinLevel="130" Name="" />
	<Gate Index="129" Flag="1" MapNumber="37" StartX="89" StartY="89" EndX="89" EndY="92" Target="130" Direction="0" MinLevel="220" Name="" />
	<Gate Index="130" Flag="2" MapNumber="38" StartX="70" StartY="104" EndX="70" EndY="107" Target="0" Direction="0" MinLevel="220" Name="" />
	<Gate Index="131" Flag="1" MapNumber="38" StartX="69" StartY="104" EndX="69" EndY="107" Target="132" Direction="0" MinLevel="150" Name="" />
	<Gate Index="132" Flag="2" MapNumber="37" StartX="85" StartY="89" EndX="86" EndY="92" Target="0" Direction="0" MinLevel="150" Name="" />
	<Gate Index="133" Flag="0" MapNumber="39" StartX="196" StartY="56" EndX="201" EndY="57" Target="0" Direction="0" MinLevel="220" Name="" />
	<Gate Index="134" Flag="0" MapNumber="39" StartX="78" StartY="93" EndX="82" EndY="95" Target="0" Direction="0" MinLevel="220" Name="" />
	<Gate Index="135" Flag="0" MapNumber="39" StartX="78" StartY="93" EndX="82" EndY="95" Target="0" Direction="0" MinLevel="220" Name="" />
	<Gate Index="136" Flag="0" MapNumber="38" StartX="137" StartY="162" EndX="143" EndY="163" Target="0" Direction="0" MinLevel="220" Name="" />
	<Gate Index="137" Flag="0" MapNumber="38" StartX="71" StartY="104" EndX="72" EndY="107" Target="0" Direction="0" MinLevel="220" Name="" />
	<Gate Index="138" Flag="0" MapNumber="37" StartX="19" StartY="217" EndX="21" EndY="219" Target="0" Direction="0" MinLevel="160" Name="" />
	<Gate Index="139" Flag="0" MapNumber="38" StartX="71" StartY="104" EndX="72" EndY="107" Target="0" Direction="0" MinLevel="230" Name="" />
	<Gate Index="140" Flag="0" MapNumber="33" StartX="186" StartY="173" EndX="190" EndY="177" Target="0" Direction="0" MinLevel="130" Name="" />
	<Gate Index="141" Flag="0" MapNumber="37" StartX="205" StartY="36" EndX="208" EndY="41" Target="0" Direction="0" MinLevel="160" Name="" />
	<Gate Index="142" Flag="0" MapNumber="45" StartX="98" StartY="128" EndX="108" EndY="137" Target="0" Direction="0" MinLevel="0" Name="" />
	<Gate Index="143" Flag="0" MapNumber="46" StartX="98" StartY="128" EndX="108" EndY="137" Target="0" Direction="0" MinLevel="0" Name="" />
	<Gate Index="144" Flag="0" MapNumber="47" StartX="98" StartY="128" EndX="108" EndY="137" Target="0" Direction="0" MinLevel="0" Name="" />
	<Gate Index="145" Flag="0" MapNumber="48" StartX="98" StartY="128" EndX="108" EndY="137" Target="0" Direction="0" MinLevel="0" Name="" />
	<Gate Index="146" Flag="0" MapNumber="49" StartX="98" StartY="128" EndX="108" EndY="137" Target="0" Direction="0" MinLevel="0" Name="" />
	<Gate Index="147" Flag="0" MapNumber="50" StartX="98" StartY="128" EndX="108" EndY="137" Target="0" Direction="0" MinLevel="0" Name="" />
	<Gate Index="148" Flag="0" MapNumber="45" StartX="141" StartY="41" EndX="146" EndY="45" Target="0" Direction="0" MinLevel="0" Name="" />
	<Gate Index="149" Flag="0" MapNumber="46" StartX="141" StartY="41" EndX="146" EndY="45" Target="0" Direction="0" MinLevel="0" Name="" />
	<Gate Index="150" Flag="0" MapNumber="47" StartX="141" StartY="41" EndX="146" EndY="45" Target="0" Direction="0" MinLevel="0" Name="" />
	<Gate Index="151" Flag="0" MapNumber="48" StartX="141" StartY="41" EndX="146" EndY="45" Target="0" Direction="0" MinLevel="0" Name="" />
	<Gate Index="152" Flag="0" MapNumber="49" StartX="141" StartY="41" EndX="146" EndY="45" Target="0" Direction="0" MinLevel="0" Name="" />
	<Gate Index="153" Flag="0" MapNumber="50" StartX="141" StartY="41" EndX="146" EndY="45" Target="0" Direction="0" MinLevel="0" Name="" />
	<Gate Index="154" Flag="0" MapNumber="45" StartX="194" StartY="124" EndX="198" EndY="127" Target="0" Direction="0" MinLevel="0" Name="" />
	<Gate Index="155" Flag="0" MapNumber="46" StartX="194" StartY="124" EndX="198" EndY="127" Target="0" Direction="0" MinLevel="0" Name="" />
	<Gate Index="156" Flag="0" MapNumber="47" StartX="194" StartY="124" EndX="198" EndY="127" Target="0" Direction="0" MinLevel="0" Name="" />
	<Gate Index="157" Flag="0" MapNumber="48" StartX="194" StartY="124" EndX="198" EndY="127" Target="0" Direction="0" MinLevel="0" Name="" />
	<Gate Index="158" Flag="0" MapNumber="49" StartX="194" StartY="124" EndX="198" EndY="127" Target="0" Direction="0" MinLevel="0" Name="" />
	<Gate Index="159" Flag="0" MapNumber="50" StartX="194" StartY="124" EndX="198" EndY="127" Target="0" Direction="0" MinLevel="0" Name="" />
	<Gate Index="160" Flag="1" MapNumber="45" StartX="136" StartY="100" EndX="137" EndY="101" Target="161" Direction="0" MinLevel="0" Name="" />
	<Gate Index="161" Flag="2" MapNumber="45" StartX="170" StartY="101" EndX="170" EndY="103" Target="0" Direction="0" MinLevel="0" Name="" />
	<Gate Index="162" Flag="1" MapNumber="45" StartX="150" StartY="117" EndX="152" EndY="119" Target="163" Direction="0" MinLevel="0" Name="" />
	<Gate Index="163" Flag="2" MapNumber="45" StartX="149" StartY="84" EndX="152" EndY="84" Target="0" Direction="0" MinLevel="0" Name="" />
	<Gate Index="164" Flag="1" MapNumber="45" StartX="149" StartY="88" EndX="151" EndY="89" Target="165" Direction="0" MinLevel="0" Name="" />
	<Gate Index="165" Flag="2" MapNumber="45" StartX="149" StartY="122" EndX="151" EndY="122" Target="0" Direction="0" MinLevel="0" Name="" />
	<Gate Index="166" Flag="1" MapNumber="45" StartX="165" StartY="101" EndX="166" EndY="104" Target="167" Direction="0" MinLevel="0" Name="" />
	<Gate Index="167" Flag="2" MapNumber="45" StartX="132" StartY="99" EndX="132" EndY="103" Target="0" Direction="0" MinLevel="0" Name="" />
	<Gate Index="168" Flag="1" MapNumber="45" StartX="173" StartY="65" EndX="174" EndY="68" Target="169" Direction="0" MinLevel="0" Name="" />
	<Gate Index="169" Flag="2" MapNumber="45" StartX="207" StartY="65" EndX="207" EndY="68" Target="0" Direction="0" MinLevel="0" Name="" />
	<Gate Index="170" Flag="1" MapNumber="45" StartX="186" StartY="79" EndX="189" EndY="81" Target="171" Direction="0" MinLevel="0" Name="" />
	<Gate Index="171" Flag="2" MapNumber="45" StartX="186" StartY="47" EndX="189" EndY="47" Target="0" Direction="0" MinLevel="0" Name="" />
	<Gate Index="172" Flag="1" MapNumber="45" StartX="186" StartY="51" EndX="188" EndY="52" Target="173" Direction="0" MinLevel="0" Name="" />
	<Gate Index="173" Flag="2" MapNumber="45" StartX="186" StartY="84" EndX="189" EndY="84" Target="0" Direction="0" MinLevel="0" Name="" />
	<Gate Index="174" Flag="1" MapNumber="45" StartX="202" StartY="66" EndX="203" EndY="68" Target="175" Direction="0" MinLevel="0" Name="" />
	<Gate Index="175" Flag="2" MapNumber="45" StartX="169" StartY="65" EndX="169" EndY="68" Target="0" Direction="0" MinLevel="0" Name="" />
	<Gate Index="176" Flag="1" MapNumber="46" StartX="136" StartY="100" EndX="137" EndY="101" Target="177" Direction="0" MinLevel="0" Name="" />
	<Gate Index="177" Flag="2" MapNumber="46" StartX="170" StartY="101" EndX="170" EndY="103" Target="0" Direction="0" MinLevel="0" Name="" />
	<Gate Index="178" Flag="1" MapNumber="46" StartX="150" StartY="117" EndX="152" EndY="119" Target="179" Direction="0" MinLevel="0" Name="" />
	<Gate Index="179" Flag="2" MapNumber="46" StartX="149" StartY="84" EndX="152" EndY="84" Target="0" Direction="0" MinLevel="0" Name="" />
	<Gate Index="180" Flag="1" MapNumber="46" StartX="149" StartY="88" EndX="151" EndY="89" Target="181" Direction="0" MinLevel="0" Name="" />
	<Gate Index="181" Flag="2" MapNumber="46" StartX="149" StartY="122" EndX="151" EndY="122" Target="0" Direction="0" MinLevel="0" Name="" />
	<Gate Index="182" Flag="1" MapNumber="46" StartX="165" StartY="101" EndX="166" EndY="104" Target="183" Direction="0" MinLevel="0" Name="" />
	<Gate Index="183" Flag="2" MapNumber="46" StartX="132" StartY="99" EndX="132" EndY="103" Target="0" Direction="0" MinLevel="0" Name="" />
	<Gate Index="184" Flag="1" MapNumber="46" StartX="173" StartY="65" EndX="174" EndY="68" Target="185" Direction="0" MinLevel="0" Name="" />
	<Gate Index="185" Flag="2" MapNumber="46" StartX="207" StartY="65" EndX="207" EndY="68" Target="0" Direction="0" MinLevel="0" Name="" />
	<Gate Index="186" Flag="1" MapNumber="46" StartX="186" StartY="79" EndX="189" EndY="81" Target="187" Direction="0" MinLevel="0" Name="" />
	<Gate Index="187" Flag="2" MapNumber="46" StartX="186" StartY="47" EndX="189" EndY="47" Target="0" Direction="0" MinLevel="0" Name="" />
	<Gate Index="188" Flag="1" MapNumber="46" StartX="186" StartY="51" EndX="188" EndY="52" Target="189" Direction="0" MinLevel="0" Name="" />
	<Gate Index="189" Flag="2" MapNumber="46" StartX="186" StartY="84" EndX="189" EndY="84" Target="0" Direction="0" MinLevel="0" Name="" />
	<Gate Index="190" Flag="1" MapNumber="46" StartX="202" StartY="66" EndX="203" EndY="68" Target="191" Direction="0" MinLevel="0" Name="" />
	<Gate Index="191" Flag="2" MapNumber="46" StartX="169" StartY="65" EndX="169" EndY="68" Target="0" Direction="0" MinLevel="0" Name="" />
	<Gate Index="192" Flag="1" MapNumber="47" StartX="136" StartY="100" EndX="137" EndY="101" Target="193" Direction="0" MinLevel="0" Name="" />
	<Gate Index="193" Flag="2" MapNumber="47" StartX="170" StartY="101" EndX="170" EndY="103" Target="0" Direction="0" MinLevel="0" Name="" />
	<Gate Index="194" Flag="1" MapNumber="47" StartX="150" StartY="117" EndX="152" EndY="119" Target="195" Direction="0" MinLevel="0" Name="" />
	<Gate Index="195" Flag="2" MapNumber="47" StartX="149" StartY="84" EndX="152" EndY="84" Target="0" Direction="0" MinLevel="0" Name="" />
	<Gate Index="196" Flag="1" MapNumber="47" StartX="149" StartY="88" EndX="151" EndY="89" Target="197" Direction="0" MinLevel="0" Name="" />
	<Gate Index="197" Flag="2" MapNumber="47" StartX="149" StartY="122" EndX="151" EndY="122" Target="0" Direction="0" MinLevel="0" Name="" />
	<Gate Index="198" Flag="1" MapNumber="47" StartX="165" StartY="101" EndX="166" EndY="104" Target="199" Direction="0" MinLevel="0" Name="" />
	<Gate Index="199" Flag="2" MapNumber="47" StartX="132" StartY="99" EndX="132" EndY="103" Target="0" Direction="0" MinLevel="0" Name="" />
	<Gate Index="200" Flag="1" MapNumber="47" StartX="173" StartY="65" EndX="174" EndY="68" Target="201" Direction="0" MinLevel="0" Name="" />
	<Gate Index="201" Flag="2" MapNumber="47" StartX="207" StartY="65" EndX="207" EndY="68" Target="0" Direction="0" MinLevel="0" Name="" />
	<Gate Index="202" Flag="1" MapNumber="47" StartX="186" StartY="79" EndX="189" EndY="81" Target="203" Direction="0" MinLevel="0" Name="" />
	<Gate Index="203" Flag="2" MapNumber="47" StartX="186" StartY="47" EndX="189" EndY="47" Target="0" Direction="0" MinLevel="0" Name="" />
	<Gate Index="204" Flag="1" MapNumber="47" StartX="186" StartY="51" EndX="188" EndY="52" Target="205" Direction="0" MinLevel="0" Name="" />
	<Gate Index="205" Flag="2" MapNumber="47" StartX="186" StartY="84" EndX="189" EndY="84" Target="0" Direction="0" MinLevel="0" Name="" />
	<Gate Index="206" Flag="1" MapNumber="47" StartX="202" StartY="66" EndX="203" EndY="68" Target="207" Direction="0" MinLevel="0" Name="" />
	<Gate Index="207" Flag="2" MapNumber="47" StartX="169" StartY="65" EndX="169" EndY="68" Target="0" Direction="0" MinLevel="0" Name="" />
	<Gate Index="208" Flag="1" MapNumber="48" StartX="136" StartY="100" EndX="137" EndY="101" Target="209" Direction="0" MinLevel="0" Name="" />
	<Gate Index="209" Flag="2" MapNumber="48" StartX="170" StartY="101" EndX="170" EndY="103" Target="0" Direction="0" MinLevel="0" Name="" />
	<Gate Index="210" Flag="1" MapNumber="48" StartX="150" StartY="117" EndX="152" EndY="119" Target="211" Direction="0" MinLevel="0" Name="" />
	<Gate Index="211" Flag="2" MapNumber="48" StartX="149" StartY="84" EndX="152" EndY="84" Target="0" Direction="0" MinLevel="0" Name="" />
	<Gate Index="212" Flag="1" MapNumber="48" StartX="149" StartY="88" EndX="151" EndY="89" Target="213" Direction="0" MinLevel="0" Name="" />
	<Gate Index="213" Flag="2" MapNumber="48" StartX="149" StartY="122" EndX="151" EndY="122" Target="0" Direction="0" MinLevel="0" Name="" />
	<Gate Index="214" Flag="1" MapNumber="48" StartX="165" StartY="101" EndX="166" EndY="104" Target="215" Direction="0" MinLevel="0" Name="" />
	<Gate Index="215" Flag="2" MapNumber="48" StartX="132" StartY="99" EndX="132" EndY="103" Target="0" Direction="0" MinLevel="0" Name="" />
	<Gate Index="216" Flag="1" MapNumber="48" StartX="173" StartY="65" EndX="174" EndY="68" Target="217" Direction="0" MinLevel="0" Name="" />
	<Gate Index="217" Flag="2" MapNumber="48" StartX="207" StartY="65" EndX="207" EndY="68" Target="0" Direction="0" MinLevel="0" Name="" />
	<Gate Index="218" Flag="1" MapNumber="48" StartX="186" StartY="79" EndX="189" EndY="81" Target="219" Direction="0" MinLevel="0" Name="" />
	<Gate Index="219" Flag="2" MapNumber="48" StartX="186" StartY="47" EndX="189" EndY="47" Target="0" Direction="0" MinLevel="0" Name="" />
	<Gate Index="220" Flag="1" MapNumber="48" StartX="186" StartY="51" EndX="188" EndY="52" Target="221" Direction="0" MinLevel="0" Name="" />
	<Gate Index="221" Flag="2" MapNumber="48" StartX="186" StartY="84" EndX="189" EndY="84" Target="0" Direction="0" MinLevel="0" Name="" />
	<Gate Index="222" Flag="1" MapNumber="48" StartX="202" StartY="66" EndX="203" EndY="68" Target="223" Direction="0" MinLevel="0" Name="" />
	<Gate Index="223" Flag="2" MapNumber="48" StartX="169" StartY="65" EndX="169" EndY="68" Target="0" Direction="0" MinLevel="0" Name="" />
	<Gate Index="224" Flag="1" MapNumber="49" StartX="136" StartY="100" EndX="137" EndY="101" Target="225" Direction="0" MinLevel="0" Name="" />
	<Gate Index="225" Flag="2" MapNumber="49" StartX="170" StartY="101" EndX="170" EndY="103" Target="0" Direction="0" MinLevel="0" Name="" />
	<Gate Index="226" Flag="1" MapNumber="49" StartX="150" StartY="117" EndX="152" EndY="119" Target="227" Direction="0" MinLevel="0" Name="" />
	<Gate Index="227" Flag="2" MapNumber="49" StartX="149" StartY="84" EndX="152" EndY="84" Target="0" Direction="0" MinLevel="0" Name="" />
	<Gate Index="228" Flag="1" MapNumber="49" StartX="149" StartY="88" EndX="151" EndY="89" Target="229" Direction="0" MinLevel="0" Name="" />
	<Gate Index="229" Flag="2" MapNumber="49" StartX="149" StartY="122" EndX="151" EndY="122" Target="0" Direction="0" MinLevel="0" Name="" />
	<Gate Index="230" Flag="1" MapNumber="49" StartX="165" StartY="101" EndX="166" EndY="104" Target="231" Direction="0" MinLevel="0" Name="" />
	<Gate Index="231" Flag="2" MapNumber="49" StartX="132" StartY="99" EndX="132" EndY="103" Target="0" Direction="0" MinLevel="0" Name="" />
	<Gate Index="232" Flag="1" MapNumber="49" StartX="173" StartY="65" EndX="174" EndY="68" Target="233" Direction="0" MinLevel="0" Name="" />
	<Gate Index="233" Flag="2" MapNumber="49" StartX="207" StartY="65" EndX="207" EndY="68" Target="0" Direction="0" MinLevel="0" Name="" />
	<Gate Index="234" Flag="1" MapNumber="49" StartX="186" StartY="79" EndX="189" EndY="81" Target="235" Direction="0" MinLevel="0" Name="" />
	<Gate Index="235" Flag="2" MapNumber="49" StartX="186" StartY="47" EndX="189" EndY="47" Target="0" Direction="0" MinLevel="0" Name="" />
	<Gate Index="236" Flag="1" MapNumber="49" StartX="186" StartY="51" EndX="188" EndY="52" Target="237" Direction="0" MinLevel="0" Name="" />
	<Gate Index="237" Flag="2" MapNumber="49" StartX="186" StartY="84" EndX="189" EndY="84" Target="0" Direction="0" MinLevel="0" Name="" />
	<Gate Index="238" Flag="1" MapNumber="49" StartX="202" StartY="66" EndX="203" EndY="68" Target="239" Direction="0" MinLevel="0" Name="" />
	<Gate Index="239" Flag="2" MapNumber="49" StartX="169" StartY="65" EndX="169" EndY="68" Target="0" Direction="0" MinLevel="0" Name="" />
	<Gate Index="240" Flag="1" MapNumber="50" StartX="136" StartY="100" EndX="137" EndY="101" Target="241" Direction="0" MinLevel="0" Name="" />
	<Gate Index="241" Flag="2" MapNumber="50" StartX="170" StartY="101" EndX="170" EndY="103" Target="0" Direction="0" MinLevel="0" Name="" />
	<Gate Index="242" Flag="1" MapNumber="50" StartX="150" StartY="117" EndX="152" EndY="119" Target="243" Direction="0" MinLevel="0" Name="" />
	<Gate Index="243" Flag="2" MapNumber="50" StartX="149" StartY="84" EndX="152" EndY="84" Target="0" Direction="0" MinLevel="0" Name="" />
	<Gate Index="244" Flag="1" MapNumber="50" StartX="149" StartY="88" EndX="151" EndY="89" Target="245" Direction="0" MinLevel="0" Name="" />
	<Gate Index="245" Flag="2" MapNumber="50" StartX="149" StartY="122" EndX="151" EndY="122" Target="0" Direction="0" MinLevel="0" Name="" />
	<Gate Index="246" Flag="1" MapNumber="50" StartX="165" StartY="101" EndX="166" EndY="104" Target="247" Direction="0" MinLevel="0" Name="" />
	<Gate Index="247" Flag="2" MapNumber="50" StartX="132" StartY="99" EndX="132" EndY="103" Target="0" Direction="0" MinLevel="0" Name="" />
	<Gate Index="248" Flag="1" MapNumber="50" StartX="173" StartY="65" EndX="174" EndY="68" Target="249" Direction="0" MinLevel="0" Name="" />
	<Gate Index="249" Flag="2" MapNumber="50" StartX="207" StartY="65" EndX="207" EndY="68" Target="0" Direction="0" MinLevel="0" Name="" />
	<Gate Index="250" Flag="1" MapNumber="50" StartX="186" StartY="79" EndX="189" EndY="81" Target="251" Direction="0" MinLevel="0" Name="" />
	<Gate Index="251" Flag="2" MapNumber="50" StartX="186" StartY="47" EndX="189" EndY="47" Target="0" Direction="0" MinLevel="0" Name="" />
	<Gate Index="252" Flag="1" MapNumber="50" StartX="186" StartY="51" EndX="188" EndY="52" Target="253" Direction="0" MinLevel="0" Name="" />
	<Gate Index="253" Flag="2" MapNumber="50" StartX="186" StartY="84" EndX="189" EndY="84" Target="0" Direction="0" MinLevel="0" Name="" />
	<Gate Index="254" Flag="1" MapNumber="50" StartX="202" StartY="66" EndX="203" EndY="68" Target="255" Direction="0" MinLevel="0" Name="" />
	<Gate Index="255" Flag="2" MapNumber="50" StartX="169" StartY="65" EndX="169" EndY="68" Target="0" Direction="0" MinLevel="0" Name="" />
	<Gate Index="256" Flag="0" MapNumber="41" StartX="29" StartY="79" EndX="31" EndY="82" Target="0" Direction="0" MinLevel="0" Name="" />
	<Gate Index="257" Flag="0" MapNumber="42" StartX="104" StartY="178" EndX="107" EndY="181" Target="0" Direction="0" MinLevel="0" Name="" />
	<Gate Index="258" Flag="0" MapNumber="34" StartX="227" StartY="41" EndX="229" EndY="43" Target="0" Direction="0" MinLevel="0" Name="" />
	<Gate Index="259" Flag="1" MapNumber="2" StartX="161" StartY="245" EndX="166" EndY="246" Target="260" Direction="0" MinLevel="15" Name="" />
	<Gate Index="260" Flag="2" MapNumber="51" StartX="26" StartY="29" EndX="27" EndY="30" Target="0" Direction="0" MinLevel="15" Name="" />
	<Gate Index="261" Flag="1" MapNumber="51" StartX="24" StartY="29" EndX="25" EndY="30" Target="262" Direction="0" MinLevel="15" Name="" />
	<Gate Index="262" Flag="2" MapNumber="2" StartX="161" StartY="241" EndX="163" EndY="242" Target="0" Direction="0" MinLevel="15" Name="" />
	<Gate Index="263" Flag="1" MapNumber="7" StartX="13" StartY="19" EndX="14" EndY="20" Target="264" Direction="0" MinLevel="10" Name="" />
	<Gate Index="264" Flag="2" MapNumber="51" StartX="243" StartY="149" EndX="244" EndY="150" Target="0" Direction="0" MinLevel="10" Name="" />
	<Gate Index="265" Flag="1" MapNumber="51" StartX="247" StartY="149" EndX="248" EndY="150" Target="266" Direction="0" MinLevel="60" Name="" />
	<Gate Index="266" Flag="2" MapNumber="7" StartX="16" StartY="19" EndX="17" EndY="20" Target="0" Direction="0" MinLevel="60" Name="" />
	<Gate Index="267" Flag="0" MapNumber="51" StartX="51" StartY="224" EndX="54" EndY="227" Target="0" Direction="0" MinLevel="0" Name="" />
	<Gate Index="268" Flag="0" MapNumber="51" StartX="99" StartY="55" EndX="100" EndY="57" Target="0" Direction="0" MinLevel="10" Name="" />
	<Gate Index="269" Flag="0" MapNumber="51" StartX="191" StartY="148" EndX="193" EndY="150" Target="0" Direction="0" MinLevel="10" Name="" />
	<Gate Index="270" Flag="0" MapNumber="32" StartX="62" StartY="150" EndX="70" EndY="158" Target="0" Direction="0" MinLevel="10" Name="" />
	<Gate Index="271" Flag="0" MapNumber="52" StartX="12" StartY="5" EndX="14" EndY="10" Target="0" Direction="0" MinLevel="0" Name="" />
	<Gate Index="272" Flag="0" MapNumber="53" StartX="31" StartY="88" EndX="36" EndY="95" Target="0" Direction="0" MinLevel="0" Name="" />
	<Gate Index="273" Flag="0" MapNumber="56" StartX="135" StartY="105" EndX="142" EndY="111" Target="0" Direction="0" MinLevel="400" Name="" />
	<Gate Index="274" Flag="1" MapNumber="56" StartX="139" StartY="125" EndX="139" EndY="126" Target="275" Direction="0" MinLevel="400" Name="" />
	<Gate Index="275" Flag="2" MapNumber="56" StartX="189" StartY="190" EndX="191" EndY="193" Target="0" Direction="0" MinLevel="400" Name="" />
	<Gate Index="276" Flag="1" MapNumber="56" StartX="185" StartY="187" EndX="186" EndY="188" Target="273" Direction="0" MinLevel="400" Name="" />
	<Gate Index="277" Flag="1" MapNumber="56" StartX="149" StartY="109" EndX="150" EndY="109" Target="278" Direction="0" MinLevel="400" Name="" />
	<Gate Index="278" Flag="2" MapNumber="56" StartX="204" StartY="10" EndX="206" EndY="14" Target="0" Direction="0" MinLevel="400" Name="" />
	<Gate Index="279" Flag="1" MapNumber="56" StartX="197" StartY="12" EndX="197" EndY="14" Target="273" Direction="0" MinLevel="400" Name="" />
	<Gate Index="280" Flag="1" MapNumber="56" StartX="139" StartY="95" EndX="140" EndY="95" Target="281" Direction="0" MinLevel="400" Name="" />
	<Gate Index="281" Flag="2" MapNumber="56" StartX="65" StartY="47" EndX="67" EndY="48" Target="0" Direction="0" MinLevel="400" Name="" />
	<Gate Index="282" Flag="1" MapNumber="56" StartX="68" StartY="52" EndX="69" EndY="53" Target="273" Direction="0" MinLevel="400" Name="" />
	<Gate Index="283" Flag="1" MapNumber="56" StartX="124" StartY="109" EndX="124" EndY="110" Target="284" Direction="0" MinLevel="400" Name="" />
	<Gate Index="284" Flag="2" MapNumber="56" StartX="62" StartY="174" EndX="63" EndY="179" Target="0" Direction="0" MinLevel="400" Name="" />
	<Gate Index="285" Flag="1" MapNumber="56" StartX="57" StartY="176" EndX="57" EndY="177" Target="273" Direction="0" MinLevel="400" Name="" />
	<Gate Index="286" Flag="1" MapNumber="2" StartX="52" StartY="92" EndX="54" EndY="92" Target="287" Direction="0" MinLevel="270" Name="" />
	<Gate Index="287" Flag="0" MapNumber="57" StartX="222" StartY="211" EndX="225" EndY="212" Target="0" Direction="0" MinLevel="270" Name="" />
	<Gate Index="288" Flag="1" MapNumber="57" StartX="223" StartY="215" EndX="225" EndY="215" Target="289" Direction="0" MinLevel="270" Name="" />
	<Gate Index="289" Flag="0" MapNumber="2" StartX="52" StartY="88" EndX="54" EndY="89" Target="0" Direction="0" MinLevel="270" Name="" />
	<Gate Index="290" Flag="1" MapNumber="57" StartX="171" StartY="23" EndX="171" EndY="25" Target="291" Direction="0" MinLevel="270" Name="" />
	<Gate Index="291" Flag="0" MapNumber="58" StartX="160" StartY="24" EndX="161" EndY="27" Target="0" Direction="0" MinLevel="270" Name="" />
	<Gate Index="292" Flag="1" MapNumber="58" StartX="167" StartY="24" EndX="167" EndY="25" Target="293" Direction="0" MinLevel="270" Name="" />
	<Gate Index="293" Flag="0" MapNumber="57" StartX="174" StartY="23" EndX="175" EndY="25" Target="0" Direction="0" MinLevel="270" Name="" />
	<Gate Index="294" Flag="0" MapNumber="63" StartX="120" StartY="129" EndX="126" EndY="134" Target="0" Direction="0" MinLevel="20" Name="" />
	<Gate Index="295" Flag="0" MapNumber="64" StartX="101" StartY="64" EndX="0" EndY="0" Target="0" Direction="0" MinLevel="30" Name="" />
	<Gate Index="296" Flag="0" MapNumber="64" StartX="101" StartY="75" EndX="0" EndY="0" Target="0" Direction="0" MinLevel="30" Name="" />
	<Gate Index="297" Flag="0" MapNumber="64" StartX="101" StartY="113" EndX="0" EndY="0" Target="0" Direction="0" MinLevel="30" Name="" />
	<Gate Index="298" Flag="0" MapNumber="64" StartX="101" StartY="124" EndX="0" EndY="0" Target="0" Direction="0" MinLevel="30" Name="" />
	<Gate Index="299" Flag="0" MapNumber="64" StartX="154" StartY="64" EndX="0" EndY="0" Target="0" Direction="0" MinLevel="30" Name="" />
	<Gate Index="300" Flag="0" MapNumber="64" StartX="154" StartY="75" EndX="0" EndY="0" Target="0" Direction="0" MinLevel="30" Name="" />
	<Gate Index="301" Flag="0" MapNumber="64" StartX="154" StartY="113" EndX="0" EndY="0" Target="0" Direction="0" MinLevel="30" Name="" />
	<Gate Index="302" Flag="0" MapNumber="64" StartX="154" StartY="124" EndX="0" EndY="0" Target="0" Direction="0" MinLevel="30" Name="" />
	<Gate Index="303" Flag="0" MapNumber="64" StartX="100" StartY="70" EndX="0" EndY="0" Target="0" Direction="0" MinLevel="30" Name="" />
	<Gate Index="304" Flag="0" MapNumber="64" StartX="100" StartY="120" EndX="0" EndY="0" Target="0" Direction="0" MinLevel="30" Name="" />
	<Gate Index="305" Flag="0" MapNumber="64" StartX="150" StartY="70" EndX="0" EndY="0" Target="0" Direction="0" MinLevel="30" Name="" />
	<Gate Index="306" Flag="0" MapNumber="64" StartX="150" StartY="120" EndX="0" EndY="0" Target="0" Direction="0" MinLevel="30" Name="" />
	<Gate Index="307" Flag="0" MapNumber="69" StartX="231" StartY="15" EndX="233" EndY="17" Target="0" Direction="0" MinLevel="0" Name="" />
	<Gate Index="308" Flag="1" MapNumber="69" StartX="209" StartY="80" EndX="211" EndY="82" Target="309" Direction="0" MinLevel="0" Name="" />
	<Gate Index="309" Flag="0" MapNumber="69" StartX="202" StartY="24" EndX="203" EndY="27" Target="0" Direction="0" MinLevel="0" Name="" />
	<Gate Index="310" Flag="1" MapNumber="69" StartX="153" StartY="60" EndX="155" EndY="62" Target="311" Direction="0" MinLevel="0" Name="" />
	<Gate Index="311" Flag="0" MapNumber="69" StartX="179" StartY="65" EndX="181" EndY="67" Target="0" Direction="0" MinLevel="0" Name="" />
	<Gate Index="312" Flag="0" MapNumber="70" StartX="86" StartY="63" EndX="87" EndY="66" Target="0" Direction="0" MinLevel="0" Name="" />
	<Gate Index="313" Flag="1" MapNumber="70" StartX="10" StartY="64" EndX="12" EndY="66" Target="314" Direction="0" MinLevel="0" Name="" />
	<Gate Index="314" Flag="0" MapNumber="70" StartX="35" StartY="84" EndX="38" EndY="85" Target="0" Direction="0" MinLevel="0" Name="" />
	<Gate Index="315" Flag="1" MapNumber="70" StartX="54" StartY="161" EndX="56" EndY="163" Target="316" Direction="0" MinLevel="0" Name="" />
	<Gate Index="316" Flag="0" MapNumber="70" StartX="121" StartY="110" EndX="123" EndY="112" Target="0" Direction="0" MinLevel="0" Name="" />
	<Gate Index="317" Flag="0" MapNumber="71" StartX="154" StartY="187" EndX="155" EndY="189" Target="0" Direction="0" MinLevel="0" Name="" />
	<Gate Index="318" Flag="1" MapNumber="71" StartX="82" StartY="194" EndX="84" EndY="196" Target="319" Direction="0" MinLevel="0" Name="" />
	<Gate Index="319" Flag="0" MapNumber="71" StartX="222" StartY="121" EndX="224" EndY="123" Target="0" Direction="0" MinLevel="0" Name="" />
	<Gate Index="320" Flag="1" MapNumber="71" StartX="222" StartY="201" EndX="224" EndY="203" Target="321" Direction="0" MinLevel="0" Name="" />
	<Gate Index="321" Flag="0" MapNumber="71" StartX="165" StartY="206" EndX="168" EndY="207" Target="0" Direction="0" MinLevel="0" Name="" />
	<Gate Index="322" Flag="0" MapNumber="72" StartX="93" StartY="66" EndX="94" EndY="69" Target="0" Direction="0" MinLevel="0" Name="" />
	<Gate Index="323" Flag="1" MapNumber="72" StartX="30" StartY="95" EndX="32" EndY="97" Target="324" Direction="0" MinLevel="0" Name="" />
	<Gate Index="324" Flag="0" MapNumber="72" StartX="32" StartY="162" EndX="34" EndY="164" Target="0" Direction="0" MinLevel="0" Name="" />
	<Gate Index="325" Flag="1" MapNumber="72" StartX="68" StartY="160" EndX="70" EndY="162" Target="326" Direction="0" MinLevel="0" Name="" />
	<Gate Index="326" Flag="0" MapNumber="72" StartX="145" StartY="155" EndX="147" EndY="157" Target="0" Direction="0" MinLevel="0" Name="" />
	<Gate Index="327" Flag="1" MapNumber="72" StartX="223" StartY="165" EndX="225" EndY="167" Target="328" Direction="0" MinLevel="0" Name="" />
	<Gate Index="328" Flag="0" MapNumber="72" StartX="241" StartY="23" EndX="243" EndY="25" Target="0" Direction="0" MinLevel="0" Name="" />
	<Gate Index="329" Flag="0" MapNumber="65" StartX="193" StartY="26" EndX="200" EndY="32" Target="0" Direction="0" MinLevel="0" Name="" />
	<Gate Index="330" Flag="0" MapNumber="66" StartX="133" StartY="68" EndX="139" EndY="74" Target="0" Direction="0" MinLevel="0" Name="" />
	<Gate Index="331" Flag="0" MapNumber="67" StartX="106" StartY="58" EndX="111" EndY="62" Target="0" Direction="0" MinLevel="0" Name="" />
	<Gate Index="332" Flag="0" MapNumber="68" StartX="90" StartY="10" EndX="97" EndY="17" Target="0" Direction="0" MinLevel="0" Name="" />
	<Gate Index="333" Flag="0" MapNumber="79" StartX="126" StartY="142" EndX="129" EndY="148" Target="0" Direction="0" MinLevel="0" Name="" />
	<Gate Index="334" Flag="0" MapNumber="37" StartX="66" StartY="183" EndX="74" EndY="191" Target="0" Direction="0" MinLevel="160" Name="" />
	<Gate Index="335" Flag="0" MapNumber="80" StartX="124" StartY="123" EndX="127" EndY="125" Target="0" Direction="0" MinLevel="170" Name="" />
	<Gate Index="336" Flag="1" MapNumber="33" StartX="237" StartY="167" EndX="240" EndY="168" Target="337" Direction="0" MinLevel="160" Name="" />
	<Gate Index="337" Flag="2" MapNumber="80" StartX="118" StartY="44" EndX="119" EndY="46" Target="0" Direction="3" MinLevel="160" Name="" />
	<Gate Index="338" Flag="1" MapNumber="80" StartX="116" StartY="44" EndX="117" EndY="47" Target="339" Direction="0" MinLevel="160" Name="" />
	<Gate Index="339" Flag="2" MapNumber="33" StartX="237" StartY="166" EndX="240" EndY="166" Target="0" Direction="1" MinLevel="160" Name="" />
	<Gate Index="340" Flag="1" MapNumber="80" StartX="186" StartY="210" EndX="190" EndY="212" Target="341" Direction="0" MinLevel="160" Name="" />
	<Gate Index="341" Flag="2" MapNumber="81" StartX="162" StartY="12" EndX="164" EndY="14" Target="0" Direction="5" MinLevel="160" Name="" />
	<Gate Index="342" Flag="1" MapNumber="81" StartX="161" StartY="8" EndX="165" EndY="9" Target="343" Direction="0" MinLevel="160" Name="" />
	<Gate Index="343" Flag="2" MapNumber="80" StartX="188" StartY="207" EndX="189" EndY="208" Target="0" Direction="1" MinLevel="160" Name="" />
	<Gate Index="344" Flag="0" MapNumber="81" StartX="162" StartY="16" EndX="163" EndY="17" Target="0" Direction="5" MinLevel="160" Name="" />
	<Gate Index="345" Flag="0" MapNumber="6" StartX="63" StartY="117" EndX="64" EndY="118" Target="0" Direction="1" MinLevel="0" Name="" />
</GateSettings>